college,name,url
未来科学与工程学院,李领治,https://web.suda.edu.cn/lilingzhi/
未来科学与工程学院,王进,https://web.suda.edu.cn/wjin1985/index.html
未来科学与工程学院,唐煜,https://web.suda.edu.cn/ytang/
未来科学与工程学院,陈涛,https://web.suda.edu.cn/chent/
未来科学与工程学院,朱刚贤,https://web.suda.edu.cn/gxzhu/
未来科学与工程学院,耿长兴,https://web.suda.edu.cn/chxgeng/
未来科学与工程学院,樊成,https://web.suda.edu.cn/chfan/
未来科学与工程学院,张得天,https://web.suda.edu.cn/detian/
未来科学与工程学院,李轩,https://web.suda.edu.cn/xuanli/
未来科学与工程学院,梁福生,https://web.suda.edu.cn/lfs/
未来科学与工程学院,朱铭鲁,https://web.suda.edu.cn/zml2/
未来科学与工程学院,杨本圆,https://web.suda.edu.cn/yby/
未来科学与工程学院,王钊,https://web.suda.edu.cn/wangz/
未来科学与工程学院,程诚,https://web.suda.edu.cn/ccheng/
未来科学与工程学院,吴洪状,https://web.suda.edu.cn/hzwu/
未来科学与工程学院,孟彬彬,https://web.suda.edu.cn/mbb/
未来科学与工程学院,彭涛,https://web.suda.edu.cn/pt/
未来科学与工程学院,杨聪,https://web.suda.edu.cn/yangcong/
未来科学与工程学院,康子扬,https://web.suda.edu.cn/kzy/
未来科学与工程学院,王胜,https://web.suda.edu.cn/ws2/
未来科学与工程学院,王洁,https://web.suda.edu.cn/wangjie/
未来科学与工程学院,兰志强,https://web.suda.edu.cn/zqlan/
未来科学与工程学院,张朝阳,https://web.suda.edu.cn/zcy2/
未来科学与工程学院,王恩澍,https://web.suda.edu.cn/wes/
未来科学与工程学院,沈宇凌,https://web.suda.edu.cn/ylshen07/
未来科学与工程学院,陈亮,https://web.suda.edu.cn/cl2/
未来科学与工程学院,程志鹏,https://web.suda.edu.cn/zpcheng/
未来科学与工程学院,朱坤,https://web.suda.edu.cn/zk071/
未来科学与工程学院,董建飞,https://web.suda.edu.cn/djf/
未来科学与工程学院,吴颖文,https://web.suda.edu.cn/wyw/
未来科学与工程学院,罗玖,https://web.suda.edu.cn/luojiu/
未来科学与工程学院,袁亚超,https://web.suda.edu.cn/yyc/
未来科学与工程学院,王立辉,https://web.suda.edu.cn/wanglihui/
未来科学与工程学院,焦儒旺,https://web.suda.edu.cn/rwjiao/
未来科学与工程学院,费子成,https://web.suda.edu.cn/feizicheng/
未来科学与工程学院,刘于一,https://web.suda.edu.cn/lyy2/
未来科学与工程学院,王松,https://web.suda.edu.cn/ws2_48589/
未来科学与工程学院,李璐,https://web.suda.edu.cn/ll2/
未来科学与工程学院,王艳杰,https://web.suda.edu.cn/yjwang0220/
未来科学与工程学院,李永泽,https://web.suda.edu.cn/lyz2/
未来科学与工程学院,高宏,https://web.suda.edu.cn/gaohong/
未来科学与工程学院,梁小波,https://web.suda.edu.cn/lxb2/
未来科学与工程学院,范家钰,https://web.suda.edu.cn/fjy/
未来科学与工程学院,谭琪琛,https://web.suda.edu.cn/tqc/
未来科学与工程学院,侯鹏,https://web.suda.edu.cn/hp2/
未来科学与工程学院,张宇卓,https://web.suda.edu.cn/zyz2/
未来科学与工程学院,辛亮,https://web.suda.edu.cn/xl2/
未来科学与工程学院,刘司澳,https://web.suda.edu.cn/lsa/
未来科学与工程学院,付园斌,https://web.suda.edu.cn/fyb/
未来科学与工程学院,张启程,https://web.suda.edu.cn/zqc/
未来科学与工程学院,朱梦尧,https://web.suda.edu.cn/zmy2/
